x,y,theta
0.000000000000000000e+00,0.000000000000000000e+00,3.768757665692086256e-01
1.000000000000000000e+00,0.000000000000000000e+00,-7.599522189134166883e-02
2.000000000000000000e+00,0.000000000000000000e+00,3.059697196753973225e-01
3.000000000000000000e+00,0.000000000000000000e+00,-3.054173480206929248e-01
4.000000000000000000e+00,0.000000000000000000e+00,-1.148419817563751111e-01
5.000000000000000000e+00,0.000000000000000000e+00,4.880273848449457885e-01
6.000000000000000000e+00,0.000000000000000000e+00,-1.542911190198835714e-01
7.000000000000000000e+00,0.000000000000000000e+00,-2.091381808461834635e-01
8.000000000000000000e+00,0.000000000000000000e+00,1.227113791437054457e-01
9.000000000000000000e+00,0.000000000000000000e+00,3.827729618531667821e-01
1.000000000000000000e+01,0.000000000000000000e+00,4.843624819463543396e-03
1.100000000000000000e+01,0.000000000000000000e+00,2.422966325294717560e-02
1.200000000000000000e+01,0.000000000000000000e+00,-1.662628212763008206e-01
1.300000000000000000e+01,0.000000000000000000e+00,3.233895716405129628e-01
1.400000000000000000e+01,0.000000000000000000e+00,-1.377484367695203105e-02
1.500000000000000000e+01,0.000000000000000000e+00,4.820784544115420678e-01
1.600000000000000000e+01,0.000000000000000000e+00,-2.411664988280579069e-01
1.700000000000000000e+01,0.000000000000000000e+00,1.218539322210446807e-01
1.800000000000000000e+01,0.000000000000000000e+00,2.181046224175360315e-01
1.900000000000000000e+01,0.000000000000000000e+00,2.625891319086195441e-01
2.000000000000000000e+01,0.000000000000000000e+00,3.749858563983053950e-01
2.100000000000000000e+01,0.000000000000000000e+00,-4.418170232867510983e-01
2.200000000000000000e+01,0.000000000000000000e+00,1.972330451979062982e-01
2.300000000000000000e+01,0.000000000000000000e+00,1.848170870249307152e-01
2.400000000000000000e+01,0.000000000000000000e+00,2.453486252164693848e-02
2.500000000000000000e+01,0.000000000000000000e+00,1.604815829729094867e-01
2.600000000000000000e+01,0.000000000000000000e+00,4.958336485929460968e-01
2.700000000000000000e+01,0.000000000000000000e+00,2.363910263449678917e-01
2.800000000000000000e+01,0.000000000000000000e+00,-1.785039224915785372e-02
2.900000000000000000e+01,0.000000000000000000e+00,-2.577814442969720843e-01
3.000000000000000000e+01,0.000000000000000000e+00,3.173861851231279951e-01
3.100000000000000000e+01,0.000000000000000000e+00,1.634576454200511453e-01
5.000000000000000000e-01,8.660254037844385966e-01,1.376328049308409573e-01
1.500000000000000000e+00,8.660254037844385966e-01,-2.569758586480453966e-01
2.500000000000000000e+00,8.660254037844385966e-01,3.262017117394933052e-02
3.500000000000000000e+00,8.660254037844385966e-01,-2.337143052959440581e-01
4.500000000000000000e+00,8.660254037844385966e-01,-2.402023658699709574e-01
5.500000000000000000e+00,8.660254037844385966e-01,-4.221256385405616207e-01
6.500000000000000000e+00,8.660254037844385966e-01,1.312646820604786990e-01
7.500000000000000000e+00,8.660254037844385966e-01,-1.108393281962959387e-01
8.500000000000000000e+00,8.660254037844385966e-01,2.533957968557387641e-01
9.500000000000000000e+00,8.660254037844385966e-01,2.051000846906576580e-01
1.050000000000000000e+01,8.660254037844385966e-01,-5.164798078163123085e-01
1.150000000000000000e+01,8.660254037844385966e-01,3.023301005538927555e-01
1.250000000000000000e+01,8.660254037844385966e-01,-2.486435676898404723e-01
1.350000000000000000e+01,8.660254037844385966e-01,2.916879987657899909e-01
1.450000000000000000e+01,8.660254037844385966e-01,-1.679111360085169258e-01
1.550000000000000000e+01,8.660254037844385966e-01,1.964708130837563571e-01
1.650000000000000000e+01,8.660254037844385966e-01,2.268297221568401634e-01
1.750000000000000000e+01,8.660254037844385966e-01,2.421394492575686952e-01
1.850000000000000000e+01,8.660254037844385966e-01,3.617473739158846291e-01
1.950000000000000000e+01,8.660254037844385966e-01,5.385221992598943075e-02
2.050000000000000000e+01,8.660254037844385966e-01,2.927561324910509244e-01
2.150000000000000000e+01,8.660254037844385966e-01,-2.118944842322222355e-01
2.250000000000000000e+01,8.660254037844385966e-01,-5.008974753231832944e-01
2.350000000000000000e+01,8.660254037844385966e-01,8.942302769270726870e-02
2.450000000000000000e+01,8.660254037844385966e-01,-4.235632012675326075e-01
2.550000000000000000e+01,8.660254037844385966e-01,-4.503432998188127145e-01
2.650000000000000000e+01,8.660254037844385966e-01,4.040020602718018550e-01
2.750000000000000000e+01,8.660254037844385966e-01,3.433004207399091845e-01
2.850000000000000000e+01,8.660254037844385966e-01,4.064016104443969324e-01
2.950000000000000000e+01,8.660254037844385966e-01,1.979849910737722096e-01
3.050000000000000000e+01,8.660254037844385966e-01,1.111070314766913203e-01
3.150000000000000000e+01,8.660254037844385966e-01,8.325675645573960004e-02
0.000000000000000000e+00,1.732050807568877193e+00,3.351151023389326022e-01
1.000000000000000000e+00,1.732050807568877193e+00,3.436217128120775399e-01
2.000000000000000000e+00,1.732050807568877193e+00,2.664705527380513139e-01
3.000000000000000000e+00,1.732050807568877193e+00,-1.306537824247768209e-01
4.000000000000000000e+00,1.732050807568877193e+00,-3.171490293491464052e-01
5.000000000000000000e+00,1.732050807568877193e+00,-5.030806034578034769e-01
6.000000000000000000e+00,1.732050807568877193e+00,-1.543862374142492833e-01
7.000000000000000000e+00,1.732050807568877193e+00,1.732123988173713824e-01
8.000000000000000000e+00,1.732050807568877193e+00,-1.680583392859137382e-01
9.000000000000000000e+00,1.732050807568877193e+00,3.669451160621789443e-01
1.000000000000000000e+01,1.732050807568877193e+00,2.564949996648631103e-01
1.100000000000000000e+01,1.732050807568877193e+00,-1.090063953062420654e-01
1.200000000000000000e+01,1.732050807568877193e+00,-1.791044150111749667e-01
1.300000000000000000e+01,1.732050807568877193e+00,1.596685127036049368e-01
1.400000000000000000e+01,1.732050807568877193e+00,3.136094347317504027e-01
1.500000000000000000e+01,1.732050807568877193e+00,2.919725595054663003e-01
1.600000000000000000e+01,1.732050807568877193e+00,2.798889283360720404e-01
1.700000000000000000e+01,1.732050807568877193e+00,2.035778983567458900e-01
1.800000000000000000e+01,1.732050807568877193e+00,-3.169192856958196192e-01
1.900000000000000000e+01,1.732050807568877193e+00,-4.578808801260588757e-01
2.000000000000000000e+01,1.732050807568877193e+00,2.532887424390543041e-01
2.100000000000000000e+01,1.732050807568877193e+00,4.090304904242647588e-01
2.200000000000000000e+01,1.732050807568877193e+00,2.458168557008252320e-01
2.300000000000000000e+01,1.732050807568877193e+00,-8.096882629404295040e-02
2.400000000000000000e+01,1.732050807568877193e+00,4.747242751079294720e-03
2.500000000000000000e+01,1.732050807568877193e+00,-5.673732514353752032e-02
2.600000000000000000e+01,1.732050807568877193e+00,3.685183957686151146e-01
2.700000000000000000e+01,1.732050807568877193e+00,-3.542936346236728040e-01
2.800000000000000000e+01,1.732050807568877193e+00,-3.253346003142295606e-01
2.900000000000000000e+01,1.732050807568877193e+00,2.722078569435034678e-01
3.000000000000000000e+01,1.732050807568877193e+00,2.253415896192090262e-01
3.100000000000000000e+01,1.732050807568877193e+00,-5.052920570612685625e-01
5.000000000000000000e-01,2.598076211353316012e+00,1.272898550677047380e-01
1.500000000000000000e+00,2.598076211353316012e+00,-5.814120018751800512e-02
2.500000000000000000e+00,2.598076211353316012e+00,-1.965943502809396892e-01
3.500000000000000000e+00,2.598076211353316012e+00,4.170227625799063365e-01
4.500000000000000000e+00,2.598076211353316012e+00,3.920125205545932356e-01
5.500000000000000000e+00,2.598076211353316012e+00,1.788817770083636072e-01
6.500000000000000000e+00,2.598076211353316012e+00,2.776819883261401056e-01
7.500000000000000000e+00,2.598076211353316012e+00,3.340007832335312177e-01
8.500000000000000000e+00,2.598076211353316012e+00,4.039958432955448320e-02
9.500000000000000000e+00,2.598076211353316012e+00,-4.935526982119353701e-02
1.050000000000000000e+01,2.598076211353316012e+00,-2.338893011373178177e-01
1.150000000000000000e+01,2.598076211353316012e+00,-4.886950799649679156e-01
1.250000000000000000e+01,2.598076211353316012e+00,3.081747333415829626e-01
1.350000000000000000e+01,2.598076211353316012e+00,3.293408695967536826e-02
1.450000000000000000e+01,2.598076211353316012e+00,4.519657784652486576e-02
1.550000000000000000e+01,2.598076211353316012e+00,-1.948259472401143166e-01
1.650000000000000000e+01,2.598076211353316012e+00,1.984928338399533088e-01
1.750000000000000000e+01,2.598076211353316012e+00,-1.924262041850210436e-01
1.850000000000000000e+01,2.598076211353316012e+00,2.447619958970573828e-01
1.950000000000000000e+01,2.598076211353316012e+00,4.640316201860884560e-01
2.050000000000000000e+01,2.598076211353316012e+00,7.433718788255683219e-02
2.150000000000000000e+01,2.598076211353316012e+00,1.527355454047953920e-01
2.250000000000000000e+01,2.598076211353316012e+00,9.449391791601602364e-02
2.350000000000000000e+01,2.598076211353316012e+00,-1.897528806702308835e-01
2.450000000000000000e+01,2.598076211353316012e+00,-1.553607100369440719e-01
2.550000000000000000e+01,2.598076211353316012e+00,-2.180174539631698494e-01
2.650000000000000000e+01,2.598076211353316012e+00,2.039557729924487139e-01
2.750000000000000000e+01,2.598076211353316012e+00,4.355516804457894020e-01
2.850000000000000000e+01,2.598076211353316012e+00,4.078705808915426001e-01
2.950000000000000000e+01,2.598076211353316012e+00,1.470069093166755936e-01
3.050000000000000000e+01,2.598076211353316012e+00,3.386949327219069827e-01
3.150000000000000000e+01,2.598076211353316012e+00,-3.244237160764466554e-01
0.000000000000000000e+00,3.464101615137754386e+00,1.505223772035433338e-01
1.000000000000000000e+00,3.464101615137754386e+00,2.794310976065611518e-01
2.000000000000000000e+00,3.464101615137754386e+00,1.902095993075559877e-01
3.000000000000000000e+00,3.464101615137754386e+00,7.925308824713728217e-02
4.000000000000000000e+00,3.464101615137754386e+00,-8.068802403684943725e-02
5.000000000000000000e+00,3.464101615137754386e+00,-8.954642158818026942e-03
6.000000000000000000e+00,3.464101615137754386e+00,1.806404356818479551e-01
7.000000000000000000e+00,3.464101615137754386e+00,-2.808978771443836342e-01
8.000000000000000000e+00,3.464101615137754386e+00,-2.740463719889699723e-01
9.000000000000000000e+00,3.464101615137754386e+00,2.042233529968370265e-01
1.000000000000000000e+01,3.464101615137754386e+00,-3.105331762942946106e-01
1.100000000000000000e+01,3.464101615137754386e+00,9.471577028723732194e-02
1.200000000000000000e+01,3.464101615137754386e+00,-1.377389944616626005e-01
1.300000000000000000e+01,3.464101615137754386e+00,2.345969219976205000e-01
1.400000000000000000e+01,3.464101615137754386e+00,1.433673249930745852e-01
1.500000000000000000e+01,3.464101615137754386e+00,-2.871347204084347959e-01
1.600000000000000000e+01,3.464101615137754386e+00,-5.375790452138146103e-02
1.700000000000000000e+01,3.464101615137754386e+00,1.004123907072906885e-01
1.800000000000000000e+01,3.464101615137754386e+00,-1.161107220920959415e-01
1.900000000000000000e+01,3.464101615137754386e+00,-1.092524671797978630e-02
2.000000000000000000e+01,3.464101615137754386e+00,-2.022006889561916987e-01
2.100000000000000000e+01,3.464101615137754386e+00,-1.834989735332966942e-01
2.200000000000000000e+01,3.464101615137754386e+00,1.210587805510833226e-01
2.300000000000000000e+01,3.464101615137754386e+00,-3.283844962136716061e-01
2.400000000000000000e+01,3.464101615137754386e+00,-1.030574733104341889e-01
2.500000000000000000e+01,3.464101615137754386e+00,-4.779917812959982859e-02
2.600000000000000000e+01,3.464101615137754386e+00,5.053393749207258923e-01
2.700000000000000000e+01,3.464101615137754386e+00,-1.347706211537476606e-01
2.800000000000000000e+01,3.464101615137754386e+00,3.333790366252999959e-01
2.900000000000000000e+01,3.464101615137754386e+00,-1.626728483734229957e-01
3.000000000000000000e+01,3.464101615137754386e+00,6.468481307853046758e-03
3.100000000000000000e+01,3.464101615137754386e+00,-2.630103818602377852e-01
5.000000000000000000e-01,4.330127018922192761e+00,1.277616348661880785e-01
1.500000000000000000e+00,4.330127018922192761e+00,-1.482037228464919143e-01
2.500000000000000000e+00,4.330127018922192761e+00,-5.935739955515212385e-02
3.500000000000000000e+00,4.330127018922192761e+00,3.060493871421321455e-02
4.500000000000000000e+00,4.330127018922192761e+00,-4.819638725785413413e-02
5.500000000000000000e+00,4.330127018922192761e+00,4.929099740737034052e-01
6.500000000000000000e+00,4.330127018922192761e+00,-7.302042068640479666e-02
7.500000000000000000e+00,4.330127018922192761e+00,-2.671893583546912643e-01
8.500000000000000000e+00,4.330127018922192761e+00,1.905408636866270378e-01
9.500000000000000000e+00,4.330127018922192761e+00,2.301000871580850538e-01
1.050000000000000000e+01,4.330127018922192761e+00,1.172168700049224244e-01
1.150000000000000000e+01,4.330127018922192761e+00,3.517271718556179705e-01
1.250000000000000000e+01,4.330127018922192761e+00,2.082005499785618552e-01
1.350000000000000000e+01,4.330127018922192761e+00,-3.949386152765478331e-01
1.450000000000000000e+01,4.330127018922192761e+00,-1.511336659546574368e-01
1.550000000000000000e+01,4.330127018922192761e+00,-4.172910427637085418e-01
1.650000000000000000e+01,4.330127018922192761e+00,3.917914633425196858e-01
1.750000000000000000e+01,4.330127018922192761e+00,-3.828272569328383668e-03
1.850000000000000000e+01,4.330127018922192761e+00,6.140635103371694381e-02
1.950000000000000000e+01,4.330127018922192761e+00,5.928387097720733134e-02
2.050000000000000000e+01,4.330127018922192761e+00,2.258846865133233850e-01
2.150000000000000000e+01,4.330127018922192761e+00,2.274805363442368167e-01
2.250000000000000000e+01,4.330127018922192761e+00,-4.653555628516533593e-01
2.350000000000000000e+01,4.330127018922192761e+00,3.903574780603513705e-02
2.450000000000000000e+01,4.330127018922192761e+00,4.010072412681393583e-01
2.550000000000000000e+01,4.330127018922192761e+00,-3.114277213739445882e-01
2.650000000000000000e+01,4.330127018922192761e+00,1.625254184542966884e-01
2.750000000000000000e+01,4.330127018922192761e+00,6.206027928069846045e-02
2.850000000000000000e+01,4.330127018922192761e+00,-5.199181361470700535e-02
2.950000000000000000e+01,4.330127018922192761e+00,-4.164843955443937040e-01
3.050000000000000000e+01,4.330127018922192761e+00,1.769699911134400283e-01
3.150000000000000000e+01,4.330127018922192761e+00,1.185290851838348702e-01
0.000000000000000000e+00,5.196152422706632024e+00,3.406905921526234282e-01
1.000000000000000000e+00,5.196152422706632024e+00,1.370962250602951737e-01
2.000000000000000000e+00,5.196152422706632024e+00,-3.190960527858172080e-01
3.000000000000000000e+00,5.196152422706632024e+00,3.319392906659890397e-02
4.000000000000000000e+00,5.196152422706632024e+00,-2.310968957653256051e-01
5.000000000000000000e+00,5.196152422706632024e+00,4.642699263759151318e-01
6.000000000000000000e+00,5.196152422706632024e+00,1.779690325248906024e-02
7.000000000000000000e+00,5.196152422706632024e+00,-3.036124967810442388e-01
8.000000000000000000e+00,5.196152422706632024e+00,4.911743110566534343e-01
9.000000000000000000e+00,5.196152422706632024e+00,7.838956466934343670e-02
1.000000000000000000e+01,5.196152422706632024e+00,2.465269504148824842e-01
1.100000000000000000e+01,5.196152422706632024e+00,-1.853713784543997711e-02
1.200000000000000000e+01,5.196152422706632024e+00,1.098753679528581273e-01
1.300000000000000000e+01,5.196152422706632024e+00,1.128588064609327146e-01
1.400000000000000000e+01,5.196152422706632024e+00,-4.574879535611507952e-01
1.500000000000000000e+01,5.196152422706632024e+00,-6.957999544348830723e-02
1.600000000000000000e+01,5.196152422706632024e+00,-1.287893307323756398e-01
1.700000000000000000e+01,5.196152422706632024e+00,2.738021701377039152e-01
1.800000000000000000e+01,5.196152422706632024e+00,2.422623675596902171e-02
1.900000000000000000e+01,5.196152422706632024e+00,-1.367240836914098701e-01
2.000000000000000000e+01,5.196152422706632024e+00,-1.219970601185672021e-01
2.100000000000000000e+01,5.196152422706632024e+00,1.402918794038008343e-01
2.200000000000000000e+01,5.196152422706632024e+00,3.307710333762470256e-02
2.300000000000000000e+01,5.196152422706632024e+00,1.170521858138470206e-01
2.400000000000000000e+01,5.196152422706632024e+00,-4.424073055140503863e-02
2.500000000000000000e+01,5.196152422706632024e+00,-4.753834945097933362e-01
2.600000000000000000e+01,5.196152422706632024e+00,2.104139496248901287e-01
2.700000000000000000e+01,5.196152422706632024e+00,1.360138848039071924e-01
2.800000000000000000e+01,5.196152422706632024e+00,-1.668488662972045233e-01
2.900000000000000000e+01,5.196152422706632024e+00,-2.681831626166742977e-01
3.000000000000000000e+01,5.196152422706632024e+00,3.725821699794772401e-01
3.100000000000000000e+01,5.196152422706632024e+00,-5.389033462920178597e-02
5.000000000000000000e-01,6.062177826491070398e+00,1.371316584367775482e-01
1.500000000000000000e+00,6.062177826491070398e+00,-3.920923567942782850e-01
2.500000000000000000e+00,6.062177826491070398e+00,-2.310398262616664145e-02
3.500000000000000000e+00,6.062177826491070398e+00,-5.749751489032650653e-02
4.500000000000000000e+00,6.062177826491070398e+00,2.159545598986130077e-01
5.500000000000000000e+00,6.062177826491070398e+00,3.852194917297040444e-01
6.500000000000000000e+00,6.062177826491070398e+00,-2.321025748114446396e-01
7.500000000000000000e+00,6.062177826491070398e+00,-3.221141796517648648e-01
8.500000000000000000e+00,6.062177826491070398e+00,3.386759059887900492e-02
9.500000000000000000e+00,6.062177826491070398e+00,-4.197660426581121262e-01
1.050000000000000000e+01,6.062177826491070398e+00,1.249589692481877234e-01
1.150000000000000000e+01,6.062177826491070398e+00,2.994395478875911953e-01
1.250000000000000000e+01,6.062177826491070398e+00,-4.022913366387986800e-01
1.350000000000000000e+01,6.062177826491070398e+00,3.230370721432290759e-01
1.450000000000000000e+01,6.062177826491070398e+00,2.834976870413254968e-01
1.550000000000000000e+01,6.062177826491070398e+00,3.316855130657799799e-01
1.650000000000000000e+01,6.062177826491070398e+00,-6.650886978758585588e-02
1.750000000000000000e+01,6.062177826491070398e+00,-1.901766353335764270e-01
1.850000000000000000e+01,6.062177826491070398e+00,2.163550428419741545e-01
1.950000000000000000e+01,6.062177826491070398e+00,-3.562254195876185525e-01
2.050000000000000000e+01,6.062177826491070398e+00,-4.363120642991802356e-02
2.150000000000000000e+01,6.062177826491070398e+00,1.232462339275972596e-01
2.250000000000000000e+01,6.062177826491070398e+00,3.968406090591262148e-01
2.350000000000000000e+01,6.062177826491070398e+00,-3.445418784349318919e-01
2.450000000000000000e+01,6.062177826491070398e+00,2.167874183543291311e-01
2.550000000000000000e+01,6.062177826491070398e+00,3.969510026522976576e-01
2.650000000000000000e+01,6.062177826491070398e+00,-2.915905331963971059e-01
2.750000000000000000e+01,6.062177826491070398e+00,-1.681603833386213775e-01
2.850000000000000000e+01,6.062177826491070398e+00,-2.011172334560450414e-01
2.950000000000000000e+01,6.062177826491070398e+00,1.466630061245954852e-02
3.050000000000000000e+01,6.062177826491070398e+00,7.179172215316531602e-02
3.150000000000000000e+01,6.062177826491070398e+00,-1.023536167218412896e-01
0.000000000000000000e+00,6.928203230275508773e+00,2.931962533212527644e-01
1.000000000000000000e+00,6.928203230275508773e+00,1.222891060438927591e-01
2.000000000000000000e+00,6.928203230275508773e+00,-1.121079756762294322e-01
3.000000000000000000e+00,6.928203230275508773e+00,4.096108398536509876e-01
4.000000000000000000e+00,6.928203230275508773e+00,4.101679149235550881e-01
5.000000000000000000e+00,6.928203230275508773e+00,-3.194296668973648501e-01
6.000000000000000000e+00,6.928203230275508773e+00,2.791846968021916009e-02
7.000000000000000000e+00,6.928203230275508773e+00,-5.177005389533028135e-01
8.000000000000000000e+00,6.928203230275508773e+00,-4.176388577480217301e-01
9.000000000000000000e+00,6.928203230275508773e+00,6.033753605647285134e-03
1.000000000000000000e+01,6.928203230275508773e+00,-3.918913530920019594e-01
1.100000000000000000e+01,6.928203230275508773e+00,-4.567917524975918520e-01
1.200000000000000000e+01,6.928203230275508773e+00,-1.430192826750940061e-01
1.300000000000000000e+01,6.928203230275508773e+00,-8.684992926913626121e-02
1.400000000000000000e+01,6.928203230275508773e+00,4.349940367979323597e-01
1.500000000000000000e+01,6.928203230275508773e+00,7.572606590121178094e-02
1.600000000000000000e+01,6.928203230275508773e+00,-7.871435080632943615e-02
1.700000000000000000e+01,6.928203230275508773e+00,1.176728023528095246e-02
1.800000000000000000e+01,6.928203230275508773e+00,-4.088124354783728709e-02
1.900000000000000000e+01,6.928203230275508773e+00,1.163917298139536260e-01
2.000000000000000000e+01,6.928203230275508773e+00,1.562780440786939451e-01
2.100000000000000000e+01,6.928203230275508773e+00,-4.225340990385710316e-01
2.200000000000000000e+01,6.928203230275508773e+00,-2.572694362427152548e-02
2.300000000000000000e+01,6.928203230275508773e+00,1.631799225687147192e-01
2.400000000000000000e+01,6.928203230275508773e+00,2.126941950173255602e-02
2.500000000000000000e+01,6.928203230275508773e+00,2.189022768088224602e-01
2.600000000000000000e+01,6.928203230275508773e+00,2.389007925745185723e-01
2.700000000000000000e+01,6.928203230275508773e+00,1.254240846151303268e-01
2.800000000000000000e+01,6.928203230275508773e+00,-4.375147832593024311e-01
2.900000000000000000e+01,6.928203230275508773e+00,-1.879774218961329235e-01
3.000000000000000000e+01,6.928203230275508773e+00,-4.691783032909634388e-01
3.100000000000000000e+01,6.928203230275508773e+00,-1.118162167455895029e-01
5.000000000000000000e-01,7.794228634059947147e+00,-4.450128040812727503e-01
1.500000000000000000e+00,7.794228634059947147e+00,7.707039761345280127e-02
2.500000000000000000e+00,7.794228634059947147e+00,-1.158634905225948142e-01
3.500000000000000000e+00,7.794228634059947147e+00,3.332530374487271407e-01
4.500000000000000000e+00,7.794228634059947147e+00,-1.836631406031158376e-01
5.500000000000000000e+00,7.794228634059947147e+00,9.690287168925659778e-02
6.500000000000000000e+00,7.794228634059947147e+00,4.959216643955877135e-02
7.500000000000000000e+00,7.794228634059947147e+00,-8.888353831351708534e-02
8.500000000000000000e+00,7.794228634059947147e+00,-1.143993849914823335e-01
9.500000000000000000e+00,7.794228634059947147e+00,2.717562547577478949e-01
1.050000000000000000e+01,7.794228634059947147e+00,3.747505076722117412e-01
1.150000000000000000e+01,7.794228634059947147e+00,2.191972339243839496e-01
1.250000000000000000e+01,7.794228634059947147e+00,2.504072926767542118e-02
1.350000000000000000e+01,7.794228634059947147e+00,-4.204309589471063591e-01
1.450000000000000000e+01,7.794228634059947147e+00,-1.134050159318960027e-01
1.550000000000000000e+01,7.794228634059947147e+00,-8.467240311486329274e-02
1.650000000000000000e+01,7.794228634059947147e+00,-7.444397860509366360e-02
1.750000000000000000e+01,7.794228634059947147e+00,-3.584580990840712245e-01
1.850000000000000000e+01,7.794228634059947147e+00,-9.319068854879108965e-02
1.950000000000000000e+01,7.794228634059947147e+00,1.379651453258419203e-01
2.050000000000000000e+01,7.794228634059947147e+00,2.982118359003299579e-01
2.150000000000000000e+01,7.794228634059947147e+00,6.484323916011569544e-02
2.250000000000000000e+01,7.794228634059947147e+00,-3.113119481703784386e-01
2.350000000000000000e+01,7.794228634059947147e+00,-3.001330061858368814e-01
2.450000000000000000e+01,7.794228634059947147e+00,-3.696094536637004047e-01
2.550000000000000000e+01,7.794228634059947147e+00,-2.204635466375697295e-01
2.650000000000000000e+01,7.794228634059947147e+00,4.336859940086966736e-01
2.750000000000000000e+01,7.794228634059947147e+00,-1.386971618977682064e-01
2.850000000000000000e+01,7.794228634059947147e+00,-3.078902851231425375e-01
2.950000000000000000e+01,7.794228634059947147e+00,1.282820254902897750e-01
3.050000000000000000e+01,7.794228634059947147e+00,-2.143355898249644786e-01
3.150000000000000000e+01,7.794228634059947147e+00,-4.630602898382700783e-01
0.000000000000000000e+00,8.660254037844385522e+00,-2.561406661067677781e-02
1.000000000000000000e+00,8.660254037844385522e+00,-1.353829653938092292e-01
2.000000000000000000e+00,8.660254037844385522e+00,1.392815032596694813e-01
3.000000000000000000e+00,8.660254037844385522e+00,2.089653144293168729e-01
4.000000000000000000e+00,8.660254037844385522e+00,1.363085018338850984e-01
5.000000000000000000e+00,8.660254037844385522e+00,2.017250896377050795e-01
6.000000000000000000e+00,8.660254037844385522e+00,-4.011276755266880434e-01
7.000000000000000000e+00,8.660254037844385522e+00,-2.205595438902296923e-02
8.000000000000000000e+00,8.660254037844385522e+00,-2.194667832902325033e-01
9.000000000000000000e+00,8.660254037844385522e+00,6.825039152338663317e-02
1.000000000000000000e+01,8.660254037844385522e+00,-3.327612424132220248e-02
1.100000000000000000e+01,8.660254037844385522e+00,-3.432686386256900146e-02
1.200000000000000000e+01,8.660254037844385522e+00,3.103220960504127213e-02
1.300000000000000000e+01,8.660254037844385522e+00,3.876400605709168223e-01
1.400000000000000000e+01,8.660254037844385522e+00,-4.260613211140591439e-01
1.500000000000000000e+01,8.660254037844385522e+00,-3.004451004078433352e-01
1.600000000000000000e+01,8.660254037844385522e+00,1.969483437393374503e-01
1.700000000000000000e+01,8.660254037844385522e+00,3.053381536332151480e-01
1.800000000000000000e+01,8.660254037844385522e+00,-4.409711776203261158e-01
1.900000000000000000e+01,8.660254037844385522e+00,-1.021195462870794213e-02
2.000000000000000000e+01,8.660254037844385522e+00,1.410393094279173143e-01
2.100000000000000000e+01,8.660254037844385522e+00,4.899447488431053488e-01
2.200000000000000000e+01,8.660254037844385522e+00,-1.393485306442239224e-01
2.300000000000000000e+01,8.660254037844385522e+00,-3.553434405781529248e-01
2.400000000000000000e+01,8.660254037844385522e+00,5.182601904170368590e-01
2.500000000000000000e+01,8.660254037844385522e+00,-2.342103450264143572e-01
2.600000000000000000e+01,8.660254037844385522e+00,1.048883551540753523e-01
2.700000000000000000e+01,8.660254037844385522e+00,2.921482669143893318e-02
2.800000000000000000e+01,8.660254037844385522e+00,8.738189547063124341e-02
2.900000000000000000e+01,8.660254037844385522e+00,-4.101248475971978058e-01
3.000000000000000000e+01,8.660254037844385522e+00,2.468224004994989951e-02
3.100000000000000000e+01,8.660254037844385522e+00,-4.850089804255043324e-01
5.000000000000000000e-01,9.526279441628824785e+00,-1.093831948641265650e-01
1.500000000000000000e+00,9.526279441628824785e+00,3.318320276519872714e-01
2.500000000000000000e+00,9.526279441628824785e+00,1.961888403624005850e-01
3.500000000000000000e+00,9.526279441628824785e+00,-4.744443559575799441e-01
4.500000000000000000e+00,9.526279441628824785e+00,3.560895605724728741e-01
5.500000000000000000e+00,9.526279441628824785e+00,6.737801695295286830e-02
6.500000000000000000e+00,9.526279441628824785e+00,6.731676499534100522e-02
7.500000000000000000e+00,9.526279441628824785e+00,-2.680681418537055327e-01
8.500000000000000000e+00,9.526279441628824785e+00,4.397351887130876991e-01
9.500000000000000000e+00,9.526279441628824785e+00,3.367334814175684254e-01
1.050000000000000000e+01,9.526279441628824785e+00,5.920111716168408034e-02
1.150000000000000000e+01,9.526279441628824785e+00,1.353671527237128025e-01
1.250000000000000000e+01,9.526279441628824785e+00,1.511140946493017001e-01
1.350000000000000000e+01,9.526279441628824785e+00,9.889291234126118546e-02
1.450000000000000000e+01,9.526279441628824785e+00,7.573708477389340388e-02
1.550000000000000000e+01,9.526279441628824785e+00,-3.599114821003465137e-01
1.650000000000000000e+01,9.526279441628824785e+00,-1.498268084929908484e-01
1.750000000000000000e+01,9.526279441628824785e+00,-2.489205569517475847e-01
1.850000000000000000e+01,9.526279441628824785e+00,3.872662700484288401e-01
1.950000000000000000e+01,9.526279441628824785e+00,-1.540222520219799440e-01
2.050000000000000000e+01,9.526279441628824785e+00,-4.469453750819707416e-02
2.150000000000000000e+01,9.526279441628824785e+00,-1.032486497506197587e-01
2.250000000000000000e+01,9.526279441628824785e+00,1.793908807712640829e-01
2.350000000000000000e+01,9.526279441628824785e+00,-2.736531045590976374e-01
2.450000000000000000e+01,9.526279441628824785e+00,2.493102599205222480e-01
2.550000000000000000e+01,9.526279441628824785e+00,-1.962647518253424206e-02
2.650000000000000000e+01,9.526279441628824785e+00,-3.387917456943253525e-01
2.750000000000000000e+01,9.526279441628824785e+00,1.471649966249903851e-01
2.850000000000000000e+01,9.526279441628824785e+00,1.070562201052693840e-02
2.950000000000000000e+01,9.526279441628824785e+00,-7.091845060537876888e-02
3.050000000000000000e+01,9.526279441628824785e+00,8.526495207484852124e-02
3.150000000000000000e+01,9.526279441628824785e+00,-3.494576713924768541e-02
0.000000000000000000e+00,1.039230484541326405e+01,5.012579535274078735e-01
1.000000000000000000e+00,1.039230484541326405e+01,-1.388521129012210142e-01
2.000000000000000000e+00,1.039230484541326405e+01,2.025412381871414258e-01
3.000000000000000000e+00,1.039230484541326405e+01,1.916660573539644696e-01
4.000000000000000000e+00,1.039230484541326405e+01,-1.801770441166348213e-01
5.000000000000000000e+00,1.039230484541326405e+01,-2.185395566140601598e-01
6.000000000000000000e+00,1.039230484541326405e+01,4.964828497280161512e-01
7.000000000000000000e+00,1.039230484541326405e+01,2.466333553158902570e-01
8.000000000000000000e+00,1.039230484541326405e+01,-7.205280003626091112e-02
9.000000000000000000e+00,1.039230484541326405e+01,-3.577361148957710624e-01
1.000000000000000000e+01,1.039230484541326405e+01,1.322258879766773365e-01
1.100000000000000000e+01,1.039230484541326405e+01,7.009066920913487042e-02
1.200000000000000000e+01,1.039230484541326405e+01,3.062613064661164897e-01
1.300000000000000000e+01,1.039230484541326405e+01,4.326788493091759946e-03
1.400000000000000000e+01,1.039230484541326405e+01,-7.833152475750276844e-02
1.500000000000000000e+01,1.039230484541326405e+01,1.333575155523656353e-01
1.600000000000000000e+01,1.039230484541326405e+01,1.635645509137065856e-01
1.700000000000000000e+01,1.039230484541326405e+01,1.878260192610742285e-01
1.800000000000000000e+01,1.039230484541326405e+01,-7.290637281193113051e-02
1.900000000000000000e+01,1.039230484541326405e+01,4.750866303495238085e-02
2.000000000000000000e+01,1.039230484541326405e+01,-1.012599416971071697e-03
2.100000000000000000e+01,1.039230484541326405e+01,9.294061238842687978e-03
2.200000000000000000e+01,1.039230484541326405e+01,3.116422695436356083e-01
2.300000000000000000e+01,1.039230484541326405e+01,-2.296878081548828776e-01
2.400000000000000000e+01,1.039230484541326405e+01,-7.485775090683233213e-02
2.500000000000000000e+01,1.039230484541326405e+01,3.962050895757707192e-02
2.600000000000000000e+01,1.039230484541326405e+01,-7.764665977700790922e-02
2.700000000000000000e+01,1.039230484541326405e+01,-3.906683231098203590e-01
2.800000000000000000e+01,1.039230484541326405e+01,-5.662039202029950369e-02
2.900000000000000000e+01,1.039230484541326405e+01,-1.356567039783291850e-01
3.000000000000000000e+01,1.039230484541326405e+01,-5.254876997528035165e-02
3.100000000000000000e+01,1.039230484541326405e+01,-1.254473501655649081e-01
5.000000000000000000e-01,1.125833024919770153e+01,-3.986560689899831256e-01
1.500000000000000000e+00,1.125833024919770153e+01,9.412592715477152705e-02
2.500000000000000000e+00,1.125833024919770153e+01,-1.518544044506994206e-01
3.500000000000000000e+00,1.125833024919770153e+01,4.102788097133771572e-01
4.500000000000000000e+00,1.125833024919770153e+01,-2.845161145743867470e-01
5.500000000000000000e+00,1.125833024919770153e+01,-3.647785736216989094e-01
6.500000000000000000e+00,1.125833024919770153e+01,-2.828714843808349810e-02
7.500000000000000000e+00,1.125833024919770153e+01,8.277327808321577329e-03
8.500000000000000000e+00,1.125833024919770153e+01,-8.962737483241878245e-02
9.500000000000000000e+00,1.125833024919770153e+01,-2.785322327405793663e-01
1.050000000000000000e+01,1.125833024919770153e+01,-2.326120224633216882e-01
1.150000000000000000e+01,1.125833024919770153e+01,2.816083611256322561e-01
1.250000000000000000e+01,1.125833024919770153e+01,1.824912134712047829e-01
1.350000000000000000e+01,1.125833024919770153e+01,1.828566476681859898e-01
1.450000000000000000e+01,1.125833024919770153e+01,2.242766647401231994e-01
1.550000000000000000e+01,1.125833024919770153e+01,-4.339818956834318731e-01
1.650000000000000000e+01,1.125833024919770153e+01,-1.148698894931488024e-02
1.750000000000000000e+01,1.125833024919770153e+01,2.598848843277806742e-01
1.850000000000000000e+01,1.125833024919770153e+01,1.173418421874055095e-01
1.950000000000000000e+01,1.125833024919770153e+01,2.879014696338649815e-01
2.050000000000000000e+01,1.125833024919770153e+01,-5.778096818833344805e-02
2.150000000000000000e+01,1.125833024919770153e+01,3.597799080562800178e-01
2.250000000000000000e+01,1.125833024919770153e+01,-4.895154740099081914e-01
2.350000000000000000e+01,1.125833024919770153e+01,3.938127530531065901e-01
2.450000000000000000e+01,1.125833024919770153e+01,-3.249198027479017759e-01
2.550000000000000000e+01,1.125833024919770153e+01,-1.982795391399960749e-01
2.650000000000000000e+01,1.125833024919770153e+01,-1.651191752690950865e-01
2.750000000000000000e+01,1.125833024919770153e+01,6.995160189345051016e-02
2.850000000000000000e+01,1.125833024919770153e+01,-4.511600834551158234e-01
2.950000000000000000e+01,1.125833024919770153e+01,-9.427916973765548825e-02
3.050000000000000000e+01,1.125833024919770153e+01,4.983402854444175523e-01
3.150000000000000000e+01,1.125833024919770153e+01,3.429393262035324019e-01
0.000000000000000000e+00,1.212435565298214080e+01,-9.748663198631646321e-02
1.000000000000000000e+00,1.212435565298214080e+01,-8.682830962710869072e-02
2.000000000000000000e+00,1.212435565298214080e+01,-2.407666100940172305e-01
3.000000000000000000e+00,1.212435565298214080e+01,4.030982788634509539e-01
4.000000000000000000e+00,1.212435565298214080e+01,-2.932487207301338605e-01
5.000000000000000000e+00,1.212435565298214080e+01,-1.952844660536867671e-02
6.000000000000000000e+00,1.212435565298214080e+01,2.399664708830487880e-01
7.000000000000000000e+00,1.212435565298214080e+01,-1.953146387520034444e-01
8.000000000000000000e+00,1.212435565298214080e+01,-2.015352395535716656e-01
9.000000000000000000e+00,1.212435565298214080e+01,-2.534124025898905064e-01
1.000000000000000000e+01,1.212435565298214080e+01,-3.669735114763864048e-01
1.100000000000000000e+01,1.212435565298214080e+01,4.141580210334889767e-01
1.200000000000000000e+01,1.212435565298214080e+01,1.688093300550360665e-01
1.300000000000000000e+01,1.212435565298214080e+01,-8.245092720252233942e-02
1.400000000000000000e+01,1.212435565298214080e+01,-1.060783398644081776e-01
1.500000000000000000e+01,1.212435565298214080e+01,-2.906631502050597282e-01
1.600000000000000000e+01,1.212435565298214080e+01,-3.880978154051367701e-01
1.700000000000000000e+01,1.212435565298214080e+01,1.250596165868348431e-01
1.800000000000000000e+01,1.212435565298214080e+01,1.397506307876787979e-01
1.900000000000000000e+01,1.212435565298214080e+01,1.125009576140030276e-01
2.000000000000000000e+01,1.212435565298214080e+01,-3.841662694120332455e-01
2.100000000000000000e+01,1.212435565298214080e+01,-2.671424153973481763e-01
2.200000000000000000e+01,1.212435565298214080e+01,1.031688091863993684e-01
2.300000000000000000e+01,1.212435565298214080e+01,5.096851793589951551e-02
2.400000000000000000e+01,1.212435565298214080e+01,-3.330141492849008622e-01
2.500000000000000000e+01,1.212435565298214080e+01,2.625319518105216909e-01
2.600000000000000000e+01,1.212435565298214080e+01,8.114250305180548128e-02
2.700000000000000000e+01,1.212435565298214080e+01,2.329615143075448591e-01
2.800000000000000000e+01,1.212435565298214080e+01,-4.314297066162987582e-01
2.900000000000000000e+01,1.212435565298214080e+01,2.185153995384616632e-01
3.000000000000000000e+01,1.212435565298214080e+01,3.494151384115479209e-01
3.100000000000000000e+01,1.212435565298214080e+01,8.061733963595529850e-02
5.000000000000000000e-01,1.299038105676657828e+01,-1.782076428030474613e-01
1.500000000000000000e+00,1.299038105676657828e+01,-3.135412443798183402e-01
2.500000000000000000e+00,1.299038105676657828e+01,3.962109970842475626e-02
3.500000000000000000e+00,1.299038105676657828e+01,-3.547387423401764384e-01
4.500000000000000000e+00,1.299038105676657828e+01,-1.397195668125559287e-01
5.500000000000000000e+00,1.299038105676657828e+01,-2.145212471032392765e-01
6.500000000000000000e+00,1.299038105676657828e+01,2.985120478812161027e-01
7.500000000000000000e+00,1.299038105676657828e+01,4.900175549148338972e-01
8.500000000000000000e+00,1.299038105676657828e+01,2.492018435148933841e-01
9.500000000000000000e+00,1.299038105676657828e+01,1.371029320749194147e-01
1.050000000000000000e+01,1.299038105676657828e+01,2.574788594166798061e-01
1.150000000000000000e+01,1.299038105676657828e+01,-3.557550267007414391e-01
1.250000000000000000e+01,1.299038105676657828e+01,5.089156561128777012e-01
1.350000000000000000e+01,1.299038105676657828e+01,2.188653450544758572e-01
1.450000000000000000e+01,1.299038105676657828e+01,1.646099573975601249e-02
1.550000000000000000e+01,1.299038105676657828e+01,1.983770409059356643e-01
1.650000000000000000e+01,1.299038105676657828e+01,1.452748167075419428e-01
1.750000000000000000e+01,1.299038105676657828e+01,3.572225923055963870e-01
1.850000000000000000e+01,1.299038105676657828e+01,-3.737133153652812956e-01
1.950000000000000000e+01,1.299038105676657828e+01,3.556135548715978478e-01
2.050000000000000000e+01,1.299038105676657828e+01,-6.164335851059415949e-02
2.150000000000000000e+01,1.299038105676657828e+01,1.437223395128787162e-01
2.250000000000000000e+01,1.299038105676657828e+01,1.801241978211067796e-01
2.350000000000000000e+01,1.299038105676657828e+01,-1.859826497577639071e-01
2.450000000000000000e+01,1.299038105676657828e+01,-2.266141563921504343e-01
2.550000000000000000e+01,1.299038105676657828e+01,-9.413972460470376724e-03
2.650000000000000000e+01,1.299038105676657828e+01,4.173082719211625990e-01
2.750000000000000000e+01,1.299038105676657828e+01,1.546623680302559034e-01
2.850000000000000000e+01,1.299038105676657828e+01,4.354572309692480436e-01
2.950000000000000000e+01,1.299038105676657828e+01,-1.348395922780188938e-01
3.050000000000000000e+01,1.299038105676657828e+01,-6.938017146198199869e-02
3.150000000000000000e+01,1.299038105676657828e+01,-4.043586874048877844e-01
0.000000000000000000e+00,1.385640646055101755e+01,3.517519311685742833e-01
1.000000000000000000e+00,1.385640646055101755e+01,3.020327996702476536e-02
2.000000000000000000e+00,1.385640646055101755e+01,-1.193595644662881483e-01
3.000000000000000000e+00,1.385640646055101755e+01,1.319668141289890295e-01
4.000000000000000000e+00,1.385640646055101755e+01,8.438135845337657592e-02
5.000000000000000000e+00,1.385640646055101755e+01,-1.318569090210798267e-01
6.000000000000000000e+00,1.385640646055101755e+01,1.036284344235265387e-01
7.000000000000000000e+00,1.385640646055101755e+01,-2.931317819832024441e-05
8.000000000000000000e+00,1.385640646055101755e+01,3.823679590365859360e-01
9.000000000000000000e+00,1.385640646055101755e+01,-1.362689385920863305e-01
1.000000000000000000e+01,1.385640646055101755e+01,-2.645316444409011036e-01
1.100000000000000000e+01,1.385640646055101755e+01,-7.265728811620175698e-02
1.200000000000000000e+01,1.385640646055101755e+01,3.688924913584236132e-01
1.300000000000000000e+01,1.385640646055101755e+01,2.651852856526808466e-01
1.400000000000000000e+01,1.385640646055101755e+01,4.709877233707748800e-01
1.500000000000000000e+01,1.385640646055101755e+01,-3.305966611512407560e-01
1.600000000000000000e+01,1.385640646055101755e+01,1.711300180961310424e-01
1.700000000000000000e+01,1.385640646055101755e+01,5.211674031964389497e-01
1.800000000000000000e+01,1.385640646055101755e+01,-8.612955248769088579e-02
1.900000000000000000e+01,1.385640646055101755e+01,-3.143233884442757642e-01
2.000000000000000000e+01,1.385640646055101755e+01,5.354644698947463866e-02
2.100000000000000000e+01,1.385640646055101755e+01,1.179122948204091026e-01
2.200000000000000000e+01,1.385640646055101755e+01,-1.783298550252157555e-01
2.300000000000000000e+01,1.385640646055101755e+01,-2.282125535027276220e-01
2.400000000000000000e+01,1.385640646055101755e+01,-8.744474124820500460e-02
2.500000000000000000e+01,1.385640646055101755e+01,-3.205110147371615370e-01
2.600000000000000000e+01,1.385640646055101755e+01,2.337817809964105598e-01
2.700000000000000000e+01,1.385640646055101755e+01,-3.896066398724037372e-01
2.800000000000000000e+01,1.385640646055101755e+01,5.043227404241127365e-01
2.900000000000000000e+01,1.385640646055101755e+01,9.064009785400906072e-02
3.000000000000000000e+01,1.385640646055101755e+01,1.132767901021562995e-01
3.100000000000000000e+01,1.385640646055101755e+01,3.299586753857678412e-01
5.000000000000000000e-01,1.472243186433545681e+01,7.033091036148808595e-02
1.500000000000000000e+00,1.472243186433545681e+01,-4.914153229671638368e-01
2.500000000000000000e+00,1.472243186433545681e+01,5.648138908442246198e-02
3.500000000000000000e+00,1.472243186433545681e+01,-2.192560238591760857e-01
4.500000000000000000e+00,1.472243186433545681e+01,-4.912587215123894735e-01
5.500000000000000000e+00,1.472243186433545681e+01,2.462357441411132664e-01
6.500000000000000000e+00,1.472243186433545681e+01,-3.876431914098504850e-02
7.500000000000000000e+00,1.472243186433545681e+01,8.112310335256467386e-02
8.500000000000000000e+00,1.472243186433545681e+01,-3.332751261193319658e-01
9.500000000000000000e+00,1.472243186433545681e+01,4.138706740392299466e-01
1.050000000000000000e+01,1.472243186433545681e+01,9.232110373146251714e-02
1.150000000000000000e+01,1.472243186433545681e+01,-1.976559512324415624e-01
1.250000000000000000e+01,1.472243186433545681e+01,1.808372485319413858e-01
1.350000000000000000e+01,1.472243186433545681e+01,-1.478959406438749569e-01
1.450000000000000000e+01,1.472243186433545681e+01,7.253527543967352997e-02
1.550000000000000000e+01,1.472243186433545681e+01,1.255358806252080406e-01
1.650000000000000000e+01,1.472243186433545681e+01,8.196964241062576484e-02
1.750000000000000000e+01,1.472243186433545681e+01,-1.744917878809331135e-01
1.850000000000000000e+01,1.472243186433545681e+01,-5.434539696361934125e-02
1.950000000000000000e+01,1.472243186433545681e+01,-2.828047599607883544e-01
2.050000000000000000e+01,1.472243186433545681e+01,-4.645927311608172294e-01
2.150000000000000000e+01,1.472243186433545681e+01,-1.008289686012338593e-01
2.250000000000000000e+01,1.472243186433545681e+01,-3.663881495541451150e-01
2.350000000000000000e+01,1.472243186433545681e+01,-2.700290906234784627e-01
2.450000000000000000e+01,1.472243186433545681e+01,-3.149957700827060725e-01
2.550000000000000000e+01,1.472243186433545681e+01,-9.913005981397404742e-02
2.650000000000000000e+01,1.472243186433545681e+01,-1.573473748878164713e-01
2.750000000000000000e+01,1.472243186433545681e+01,-5.986006027006690600e-02
2.850000000000000000e+01,1.472243186433545681e+01,-1.986948888679229697e-04
2.950000000000000000e+01,1.472243186433545681e+01,1.838433270150139354e-01
3.050000000000000000e+01,1.472243186433545681e+01,-1.258048645562083734e-01
3.150000000000000000e+01,1.472243186433545681e+01,7.030194775266829232e-02
0.000000000000000000e+00,1.558845726811989429e+01,-4.408717304607833176e-01
1.000000000000000000e+00,1.558845726811989429e+01,-1.840829279868720358e-01
2.000000000000000000e+00,1.558845726811989429e+01,3.681607184994203363e-01
3.000000000000000000e+00,1.558845726811989429e+01,-3.001849957110169775e-01
4.000000000000000000e+00,1.558845726811989429e+01,1.014756895846168350e-01
5.000000000000000000e+00,1.558845726811989429e+01,-1.244502931846425131e-02
6.000000000000000000e+00,1.558845726811989429e+01,-2.306895436392681353e-01
7.000000000000000000e+00,1.558845726811989429e+01,1.928062251891881074e-01
8.000000000000000000e+00,1.558845726811989429e+01,1.582582955383490253e-01
9.000000000000000000e+00,1.558845726811989429e+01,2.694193846345871446e-02
1.000000000000000000e+01,1.558845726811989429e+01,4.440850200448644980e-01
1.100000000000000000e+01,1.558845726811989429e+01,-3.644247944287899443e-01
1.200000000000000000e+01,1.558845726811989429e+01,9.434165512698156064e-03
1.300000000000000000e+01,1.558845726811989429e+01,-6.129829850787799073e-02
1.400000000000000000e+01,1.558845726811989429e+01,2.021578696370761596e-01
1.500000000000000000e+01,1.558845726811989429e+01,-2.467700847697750777e-01
1.600000000000000000e+01,1.558845726811989429e+01,1.948354229437878615e-01
1.700000000000000000e+01,1.558845726811989429e+01,-4.224750172367163215e-01
1.800000000000000000e+01,1.558845726811989429e+01,3.331717568039227473e-02
1.900000000000000000e+01,1.558845726811989429e+01,3.278901365384497835e-01
2.000000000000000000e+01,1.558845726811989429e+01,-1.171868436517738976e-01
2.100000000000000000e+01,1.558845726811989429e+01,-1.770975867759816413e-02
2.200000000000000000e+01,1.558845726811989429e+01,-1.127149198752838144e-01
2.300000000000000000e+01,1.558845726811989429e+01,5.489644986815100935e-02
2.400000000000000000e+01,1.558845726811989429e+01,-1.668653767844742175e-01
2.500000000000000000e+01,1.558845726811989429e+01,-1.356390851343350912e-01
2.600000000000000000e+01,1.558845726811989429e+01,-3.073762873484485736e-01
2.700000000000000000e+01,1.558845726811989429e+01,1.808351666210389341e-01
2.800000000000000000e+01,1.558845726811989429e+01,4.900001904841529976e-01
2.900000000000000000e+01,1.558845726811989429e+01,-1.971328685181505946e-01
3.000000000000000000e+01,1.558845726811989429e+01,1.761858581112861755e-01
3.100000000000000000e+01,1.558845726811989429e+01,5.114740636511375671e-01
5.000000000000000000e-01,1.645448267190433356e+01,3.326043628558842391e-01
1.500000000000000000e+00,1.645448267190433356e+01,-1.710495509184732366e-01
2.500000000000000000e+00,1.645448267190433356e+01,-2.864773375101627995e-01
3.500000000000000000e+00,1.645448267190433356e+01,-6.702110842469721774e-02
4.500000000000000000e+00,1.645448267190433356e+01,3.178253274651174909e-01
5.500000000000000000e+00,1.645448267190433356e+01,-2.988071925017180552e-01
6.500000000000000000e+00,1.645448267190433356e+01,-2.293188980710627600e-01
7.500000000000000000e+00,1.645448267190433356e+01,1.234360309615653017e-01
8.500000000000000000e+00,1.645448267190433356e+01,-2.849243874637934493e-01
9.500000000000000000e+00,1.645448267190433356e+01,-4.168234870666350789e-01
1.050000000000000000e+01,1.645448267190433356e+01,8.823770584477708123e-02
1.150000000000000000e+01,1.645448267190433356e+01,3.702812394515779815e-01
1.250000000000000000e+01,1.645448267190433356e+01,-2.439079896716138118e-01
1.350000000000000000e+01,1.645448267190433356e+01,1.330884645553905843e-01
1.450000000000000000e+01,1.645448267190433356e+01,-2.755368045858231918e-01
1.550000000000000000e+01,1.645448267190433356e+01,-3.921693945687204641e-01
1.650000000000000000e+01,1.645448267190433356e+01,-1.241542859436339796e-03
1.750000000000000000e+01,1.645448267190433356e+01,9.362196762881203060e-02
1.850000000000000000e+01,1.645448267190433356e+01,5.195117413454689581e-01
1.950000000000000000e+01,1.645448267190433356e+01,1.099371614689261811e-01
2.050000000000000000e+01,1.645448267190433356e+01,-2.287084742028772100e-01
2.150000000000000000e+01,1.645448267190433356e+01,-2.669751730423562397e-01
2.250000000000000000e+01,1.645448267190433356e+01,-5.754901656745459171e-02
2.350000000000000000e+01,1.645448267190433356e+01,1.317574192904376051e-01
2.450000000000000000e+01,1.645448267190433356e+01,1.882171272116228700e-02
2.550000000000000000e+01,1.645448267190433356e+01,-1.014867128214191339e-01
2.650000000000000000e+01,1.645448267190433356e+01,-1.254503128674211432e-02
2.750000000000000000e+01,1.645448267190433356e+01,-3.991869948253168321e-02
2.850000000000000000e+01,1.645448267190433356e+01,7.708318460567908925e-02
2.950000000000000000e+01,1.645448267190433356e+01,6.619596459350007844e-02
3.050000000000000000e+01,1.645448267190433356e+01,-1.997587104284738180e-01
3.150000000000000000e+01,1.645448267190433356e+01,7.201503696950961597e-02
0.000000000000000000e+00,1.732050807568877104e+01,4.413735768504956081e-02
1.000000000000000000e+00,1.732050807568877104e+01,1.547356372627207710e-01
2.000000000000000000e+00,1.732050807568877104e+01,2.729587854179561512e-01
3.000000000000000000e+00,1.732050807568877104e+01,-4.410903332316196135e-03
4.000000000000000000e+00,1.732050807568877104e+01,2.550049425536508041e-01
5.000000000000000000e+00,1.732050807568877104e+01,3.440420211871920708e-01
6.000000000000000000e+00,1.732050807568877104e+01,-2.539633385122849751e-01
7.000000000000000000e+00,1.732050807568877104e+01,6.505458836566002656e-02
8.000000000000000000e+00,1.732050807568877104e+01,2.061563696741230967e-02
9.000000000000000000e+00,1.732050807568877104e+01,-5.199285603963776925e-02
1.000000000000000000e+01,1.732050807568877104e+01,-7.480405245133325831e-02
1.100000000000000000e+01,1.732050807568877104e+01,4.349921979440390940e-01
1.200000000000000000e+01,1.732050807568877104e+01,4.566668876147139677e-02
1.300000000000000000e+01,1.732050807568877104e+01,-4.951840241866251047e-02
1.400000000000000000e+01,1.732050807568877104e+01,7.671696307382125379e-02
1.500000000000000000e+01,1.732050807568877104e+01,-5.388235782634015480e-02
1.600000000000000000e+01,1.732050807568877104e+01,-1.963024549789114115e-01
1.700000000000000000e+01,1.732050807568877104e+01,4.699214667493678554e-03
1.800000000000000000e+01,1.732050807568877104e+01,9.942798064624536192e-02
1.900000000000000000e+01,1.732050807568877104e+01,-1.686848556703346436e-01
2.000000000000000000e+01,1.732050807568877104e+01,-1.397138731249060739e-01
2.100000000000000000e+01,1.732050807568877104e+01,-2.207653841734859013e-01
2.200000000000000000e+01,1.732050807568877104e+01,1.021400525743253462e-01
2.300000000000000000e+01,1.732050807568877104e+01,-2.258584995751556912e-01
2.400000000000000000e+01,1.732050807568877104e+01,4.977553067338424952e-02
2.500000000000000000e+01,1.732050807568877104e+01,-1.430836068521785798e-01
2.600000000000000000e+01,1.732050807568877104e+01,8.325415048583295619e-02
2.700000000000000000e+01,1.732050807568877104e+01,-4.640822795742844398e-01
2.800000000000000000e+01,1.732050807568877104e+01,-1.547896004412725457e-01
2.900000000000000000e+01,1.732050807568877104e+01,1.451947393653455487e-01
3.000000000000000000e+01,1.732050807568877104e+01,-1.425785631148063226e-01
3.100000000000000000e+01,1.732050807568877104e+01,6.532664059128590051e-02
5.000000000000000000e-01,1.818653347947321208e+01,-5.198896852376849731e-02
1.500000000000000000e+00,1.818653347947321208e+01,-1.173151823953845208e-01
2.500000000000000000e+00,1.818653347947321208e+01,-4.492754302397006239e-02
3.500000000000000000e+00,1.818653347947321208e+01,2.005395388907785792e-01
4.500000000000000000e+00,1.818653347947321208e+01,2.753282646558041780e-02
5.500000000000000000e+00,1.818653347947321208e+01,-1.778262000475854254e-01
6.500000000000000000e+00,1.818653347947321208e+01,-7.032029293202129994e-02
7.500000000000000000e+00,1.818653347947321208e+01,-2.618625313687464873e-01
8.500000000000000000e+00,1.818653347947321208e+01,-1.988399736726524925e-01
9.500000000000000000e+00,1.818653347947321208e+01,-1.781583679908764761e-01
1.050000000000000000e+01,1.818653347947321208e+01,-8.996420244004871281e-02
1.150000000000000000e+01,1.818653347947321208e+01,2.112270536223204154e-02
1.250000000000000000e+01,1.818653347947321208e+01,4.029821148685180932e-01
1.350000000000000000e+01,1.818653347947321208e+01,1.863906402664671225e-01
1.450000000000000000e+01,1.818653347947321208e+01,4.707979312857694110e-01
1.550000000000000000e+01,1.818653347947321208e+01,2.043181789798181880e-01
1.650000000000000000e+01,1.818653347947321208e+01,2.632664731881194653e-01
1.750000000000000000e+01,1.818653347947321208e+01,-3.487851598548251664e-01
1.850000000000000000e+01,1.818653347947321208e+01,8.207513727451343222e-02
1.950000000000000000e+01,1.818653347947321208e+01,3.936670486975724081e-02
2.050000000000000000e+01,1.818653347947321208e+01,3.616641956217842013e-01
2.150000000000000000e+01,1.818653347947321208e+01,5.041914758326452306e-01
2.250000000000000000e+01,1.818653347947321208e+01,3.026375420469102906e-01
2.350000000000000000e+01,1.818653347947321208e+01,-1.564927662698926136e-01
2.450000000000000000e+01,1.818653347947321208e+01,7.502860185255844083e-02
2.550000000000000000e+01,1.818653347947321208e+01,-2.340510677284768359e-02
2.650000000000000000e+01,1.818653347947321208e+01,-1.738677486089904023e-01
2.750000000000000000e+01,1.818653347947321208e+01,-1.548125348055006123e-01
2.850000000000000000e+01,1.818653347947321208e+01,-3.489383222245415750e-01
2.950000000000000000e+01,1.818653347947321208e+01,-7.132087655660274139e-02
3.050000000000000000e+01,1.818653347947321208e+01,-2.193941248825730383e-01
3.150000000000000000e+01,1.818653347947321208e+01,3.688836654196172571e-01
0.000000000000000000e+00,1.905255888325764957e+01,-2.601770281166068122e-01
1.000000000000000000e+00,1.905255888325764957e+01,2.230278157321518018e-01
2.000000000000000000e+00,1.905255888325764957e+01,2.603691708850974784e-02
3.000000000000000000e+00,1.905255888325764957e+01,8.337647641377821106e-02
4.000000000000000000e+00,1.905255888325764957e+01,-4.895996676634813971e-01
5.000000000000000000e+00,1.905255888325764957e+01,5.098775109835255170e-01
6.000000000000000000e+00,1.905255888325764957e+01,-3.315454522557933492e-01
7.000000000000000000e+00,1.905255888325764957e+01,-4.367271825778770156e-01
8.000000000000000000e+00,1.905255888325764957e+01,2.794062242054883294e-01
9.000000000000000000e+00,1.905255888325764957e+01,-7.226979125228494283e-02
1.000000000000000000e+01,1.905255888325764957e+01,-3.250130665150546827e-02
1.100000000000000000e+01,1.905255888325764957e+01,-1.023397781359608461e-01
1.200000000000000000e+01,1.905255888325764957e+01,3.718888731053916485e-01
1.300000000000000000e+01,1.905255888325764957e+01,5.509653029553540637e-02
1.400000000000000000e+01,1.905255888325764957e+01,2.565774488096331796e-01
1.500000000000000000e+01,1.905255888325764957e+01,1.406000581701731811e-01
1.600000000000000000e+01,1.905255888325764957e+01,-2.470500873674996156e-01
1.700000000000000000e+01,1.905255888325764957e+01,-3.436272593371810791e-01
1.800000000000000000e+01,1.905255888325764957e+01,1.347565893560983552e-01
1.900000000000000000e+01,1.905255888325764957e+01,-4.121505552037314501e-01
2.000000000000000000e+01,1.905255888325764957e+01,3.853730643762919295e-01
2.100000000000000000e+01,1.905255888325764957e+01,-1.319884687065719930e-01
2.200000000000000000e+01,1.905255888325764957e+01,-7.315088255693463770e-02
2.300000000000000000e+01,1.905255888325764957e+01,-1.996699074917619443e-01
2.400000000000000000e+01,1.905255888325764957e+01,-2.752239026997024829e-01
2.500000000000000000e+01,1.905255888325764957e+01,-5.087335157841116340e-01
2.600000000000000000e+01,1.905255888325764957e+01,-6.794908993412707154e-02
2.700000000000000000e+01,1.905255888325764957e+01,-6.049909156058058679e-02
2.800000000000000000e+01,1.905255888325764957e+01,2.808914912524886898e-01
2.900000000000000000e+01,1.905255888325764957e+01,5.093716192914484742e-01
3.000000000000000000e+01,1.905255888325764957e+01,-1.909885187629523084e-02
3.100000000000000000e+01,1.905255888325764957e+01,-3.851387876951932743e-01
5.000000000000000000e-01,1.991858428704208706e+01,-1.849002869221503809e-01
1.500000000000000000e+00,1.991858428704208706e+01,-2.689982022482866331e-01
2.500000000000000000e+00,1.991858428704208706e+01,-5.130196838014622340e-02
3.500000000000000000e+00,1.991858428704208706e+01,4.505953383651848387e-01
4.500000000000000000e+00,1.991858428704208706e+01,-2.667937466434198157e-01
5.500000000000000000e+00,1.991858428704208706e+01,8.029586941184951865e-02
6.500000000000000000e+00,1.991858428704208706e+01,-2.999428920195920112e-01
7.500000000000000000e+00,1.991858428704208706e+01,1.757442570483761513e-01
8.500000000000000000e+00,1.991858428704208706e+01,5.901997166417671803e-02
9.500000000000000000e+00,1.991858428704208706e+01,8.978047175662484669e-02
1.050000000000000000e+01,1.991858428704208706e+01,-3.389564784963849942e-02
1.150000000000000000e+01,1.991858428704208706e+01,3.334934377382332560e-01
1.250000000000000000e+01,1.991858428704208706e+01,-4.494071563483498233e-01
1.350000000000000000e+01,1.991858428704208706e+01,-1.224625250719897918e-01
1.450000000000000000e+01,1.991858428704208706e+01,2.960608136412812286e-02
1.550000000000000000e+01,1.991858428704208706e+01,4.041187691055303510e-01
1.650000000000000000e+01,1.991858428704208706e+01,2.130034149688265765e-01
1.750000000000000000e+01,1.991858428704208706e+01,7.663403067311946870e-02
1.850000000000000000e+01,1.991858428704208706e+01,4.946131130552470223e-01
1.950000000000000000e+01,1.991858428704208706e+01,-3.009449641090290450e-01
2.050000000000000000e+01,1.991858428704208706e+01,-2.291530683669943391e-01
2.150000000000000000e+01,1.991858428704208706e+01,-1.821456094557157845e-01
2.250000000000000000e+01,1.991858428704208706e+01,1.821255581375391674e-02
2.350000000000000000e+01,1.991858428704208706e+01,-4.189361287958277558e-01
2.450000000000000000e+01,1.991858428704208706e+01,2.457529092632815271e-01
2.550000000000000000e+01,1.991858428704208706e+01,-4.531472308347417322e-02
2.650000000000000000e+01,1.991858428704208706e+01,-2.116710245080744013e-02
2.750000000000000000e+01,1.991858428704208706e+01,-2.349978556919577466e-01
2.850000000000000000e+01,1.991858428704208706e+01,3.238801945819491657e-03
2.950000000000000000e+01,1.991858428704208706e+01,-1.535186810401333868e-01
3.050000000000000000e+01,1.991858428704208706e+01,-4.344730948098803891e-01
3.150000000000000000e+01,1.991858428704208706e+01,-2.726558219508707914e-01
0.000000000000000000e+00,2.078460969082652809e+01,1.345014902811095814e-01
1.000000000000000000e+00,2.078460969082652809e+01,3.898978403281072591e-02
2.000000000000000000e+00,2.078460969082652809e+01,1.583780353853535550e-01
3.000000000000000000e+00,2.078460969082652809e+01,-2.093594762631281192e-01
4.000000000000000000e+00,2.078460969082652809e+01,2.654871280607133954e-01
5.000000000000000000e+00,2.078460969082652809e+01,-2.095866545336246833e-01
6.000000000000000000e+00,2.078460969082652809e+01,-6.583205154312748997e-02
7.000000000000000000e+00,2.078460969082652809e+01,-3.900691261702063928e-01
8.000000000000000000e+00,2.078460969082652809e+01,3.983504089135809778e-01
9.000000000000000000e+00,2.078460969082652809e+01,2.822222186074281325e-01
1.000000000000000000e+01,2.078460969082652809e+01,1.804515125308664425e-01
1.100000000000000000e+01,2.078460969082652809e+01,-9.433005566150837184e-02
1.200000000000000000e+01,2.078460969082652809e+01,2.036319100795580539e-01
1.300000000000000000e+01,2.078460969082652809e+01,1.177571256857558035e-01
1.400000000000000000e+01,2.078460969082652809e+01,-3.141669381169239217e-01
1.500000000000000000e+01,2.078460969082652809e+01,2.600426249030872716e-01
1.600000000000000000e+01,2.078460969082652809e+01,3.864981608704787241e-02
1.700000000000000000e+01,2.078460969082652809e+01,-1.248272785605187285e-01
1.800000000000000000e+01,2.078460969082652809e+01,-3.498531703413535476e-01
1.900000000000000000e+01,2.078460969082652809e+01,2.875186892320384935e-01
2.000000000000000000e+01,2.078460969082652809e+01,2.111610828135724871e-01
2.100000000000000000e+01,2.078460969082652809e+01,2.304504836727444550e-01
2.200000000000000000e+01,2.078460969082652809e+01,-2.780896140204147660e-02
2.300000000000000000e+01,2.078460969082652809e+01,-2.637320421848566299e-01
2.400000000000000000e+01,2.078460969082652809e+01,-2.945740190608853171e-01
2.500000000000000000e+01,2.078460969082652809e+01,1.087825016563142011e-01
2.600000000000000000e+01,2.078460969082652809e+01,-1.742203156112104856e-01
2.700000000000000000e+01,2.078460969082652809e+01,5.592334228198936330e-02
2.800000000000000000e+01,2.078460969082652809e+01,-2.400405822447150839e-01
2.900000000000000000e+01,2.078460969082652809e+01,9.000421519831436346e-02
3.000000000000000000e+01,2.078460969082652809e+01,-1.453392626936612086e-01
3.100000000000000000e+01,2.078460969082652809e+01,1.241280530032529139e-01
5.000000000000000000e-01,2.165063509461096558e+01,-2.986614599849061191e-01
1.500000000000000000e+00,2.165063509461096558e+01,-3.554460996126357353e-02
2.500000000000000000e+00,2.165063509461096558e+01,1.032213952992865336e-01
3.500000000000000000e+00,2.165063509461096558e+01,1.423354864547968779e-01
4.500000000000000000e+00,2.165063509461096558e+01,-5.009829847923872315e-01
5.500000000000000000e+00,2.165063509461096558e+01,-1.740219417388096934e-01
6.500000000000000000e+00,2.165063509461096558e+01,4.188055400759883584e-01
7.500000000000000000e+00,2.165063509461096558e+01,3.870585684764737966e-01
8.500000000000000000e+00,2.165063509461096558e+01,2.559369259140328312e-01
9.500000000000000000e+00,2.165063509461096558e+01,-2.194579130392899646e-01
1.050000000000000000e+01,2.165063509461096558e+01,4.038529683130431813e-02
1.150000000000000000e+01,2.165063509461096558e+01,-4.461830468086553370e-01
1.250000000000000000e+01,2.165063509461096558e+01,-5.185039408548380857e-02
1.350000000000000000e+01,2.165063509461096558e+01,3.678269840899573984e-01
1.450000000000000000e+01,2.165063509461096558e+01,6.856839564096828266e-02
1.550000000000000000e+01,2.165063509461096558e+01,3.021910937326633961e-01
1.650000000000000000e+01,2.165063509461096558e+01,2.489080668211174352e-01
1.750000000000000000e+01,2.165063509461096558e+01,2.052616151666439848e-01
1.850000000000000000e+01,2.165063509461096558e+01,6.816633512609104883e-02
1.950000000000000000e+01,2.165063509461096558e+01,1.886355003736173153e-01
2.050000000000000000e+01,2.165063509461096558e+01,1.048005646937610891e-02
2.150000000000000000e+01,2.165063509461096558e+01,8.576974049627394958e-02
2.250000000000000000e+01,2.165063509461096558e+01,1.092759419144428978e-02
2.350000000000000000e+01,2.165063509461096558e+01,3.970060207713786982e-01
2.450000000000000000e+01,2.165063509461096558e+01,-7.618573680137624704e-02
2.550000000000000000e+01,2.165063509461096558e+01,-4.551744059287693434e-02
2.650000000000000000e+01,2.165063509461096558e+01,-2.660859889970196290e-02
2.750000000000000000e+01,2.165063509461096558e+01,1.825962582532318912e-01
2.850000000000000000e+01,2.165063509461096558e+01,-7.974313897007051510e-02
2.950000000000000000e+01,2.165063509461096558e+01,2.221080551862041341e-01
3.050000000000000000e+01,2.165063509461096558e+01,-4.390999442946699194e-01
3.150000000000000000e+01,2.165063509461096558e+01,-2.722860791384623669e-01
0.000000000000000000e+00,2.251666049839540307e+01,2.471997061625840209e-01
1.000000000000000000e+00,2.251666049839540307e+01,5.535266664406079951e-02
2.000000000000000000e+00,2.251666049839540307e+01,-4.844666505562966741e-02
3.000000000000000000e+00,2.251666049839540307e+01,6.549715214838680577e-02
4.000000000000000000e+00,2.251666049839540307e+01,3.879095861070327445e-01
5.000000000000000000e+00,2.251666049839540307e+01,3.143920358901248768e-01
6.000000000000000000e+00,2.251666049839540307e+01,-3.234144482327595549e-01
7.000000000000000000e+00,2.251666049839540307e+01,4.305839952676595583e-01
8.000000000000000000e+00,2.251666049839540307e+01,-1.212418297781601706e-01
9.000000000000000000e+00,2.251666049839540307e+01,-2.745881273372398623e-01
1.000000000000000000e+01,2.251666049839540307e+01,2.307581669261226098e-01
1.100000000000000000e+01,2.251666049839540307e+01,-3.768772647106269913e-01
1.200000000000000000e+01,2.251666049839540307e+01,-4.397612208160365244e-01
1.300000000000000000e+01,2.251666049839540307e+01,-3.782226962294824579e-01
1.400000000000000000e+01,2.251666049839540307e+01,-1.634300716994888658e-01
1.500000000000000000e+01,2.251666049839540307e+01,-3.262242630067768712e-02
1.600000000000000000e+01,2.251666049839540307e+01,-3.054245176951528862e-01
1.700000000000000000e+01,2.251666049839540307e+01,3.284821976474704419e-01
1.800000000000000000e+01,2.251666049839540307e+01,3.710459716944765063e-01
1.900000000000000000e+01,2.251666049839540307e+01,1.986374823363304953e-01
2.000000000000000000e+01,2.251666049839540307e+01,-4.561972125350172158e-01
2.100000000000000000e+01,2.251666049839540307e+01,-2.052513142910168398e-01
2.200000000000000000e+01,2.251666049839540307e+01,-4.319430554205941353e-01
2.300000000000000000e+01,2.251666049839540307e+01,-1.443633283795371924e-01
2.400000000000000000e+01,2.251666049839540307e+01,2.262961425117869796e-01
2.500000000000000000e+01,2.251666049839540307e+01,3.873957209176354111e-01
2.600000000000000000e+01,2.251666049839540307e+01,-4.205411411425816204e-01
2.700000000000000000e+01,2.251666049839540307e+01,-1.241279552189687996e-01
2.800000000000000000e+01,2.251666049839540307e+01,1.144264672656921666e-01
2.900000000000000000e+01,2.251666049839540307e+01,-2.569838797169859967e-01
3.000000000000000000e+01,2.251666049839540307e+01,-2.956186732226939728e-02
3.100000000000000000e+01,2.251666049839540307e+01,3.749802775026123136e-03
5.000000000000000000e-01,2.338268590217984055e+01,-3.085438934417354950e-01
1.500000000000000000e+00,2.338268590217984055e+01,1.940090492454766835e-01
2.500000000000000000e+00,2.338268590217984055e+01,3.477965049875512138e-01
3.500000000000000000e+00,2.338268590217984055e+01,-2.835059500632070018e-01
4.500000000000000000e+00,2.338268590217984055e+01,3.618690492881799781e-01
5.500000000000000000e+00,2.338268590217984055e+01,2.794784950779927168e-01
6.500000000000000000e+00,2.338268590217984055e+01,-4.811821716696154660e-01
7.500000000000000000e+00,2.338268590217984055e+01,4.014298984282194116e-02
8.500000000000000000e+00,2.338268590217984055e+01,1.040323446311396394e-01
9.500000000000000000e+00,2.338268590217984055e+01,4.910511934479572238e-01
1.050000000000000000e+01,2.338268590217984055e+01,-1.835286977039542466e-01
1.150000000000000000e+01,2.338268590217984055e+01,3.792732471128024141e-02
1.250000000000000000e+01,2.338268590217984055e+01,-1.265094442223350102e-01
1.350000000000000000e+01,2.338268590217984055e+01,-3.324898576682840945e-01
1.450000000000000000e+01,2.338268590217984055e+01,-1.180014329309554966e-01
1.550000000000000000e+01,2.338268590217984055e+01,-1.368403343686412366e-01
1.650000000000000000e+01,2.338268590217984055e+01,1.101534230604883646e-02
1.750000000000000000e+01,2.338268590217984055e+01,3.169579060697059747e-01
1.850000000000000000e+01,2.338268590217984055e+01,4.678427784666018274e-01
1.950000000000000000e+01,2.338268590217984055e+01,4.394937099031548389e-02
2.050000000000000000e+01,2.338268590217984055e+01,-3.206827816074587778e-01
2.150000000000000000e+01,2.338268590217984055e+01,1.382224361896999820e-02
2.250000000000000000e+01,2.338268590217984055e+01,-5.132447350475208836e-01
2.350000000000000000e+01,2.338268590217984055e+01,-4.273405315895284495e-02
2.450000000000000000e+01,2.338268590217984055e+01,2.844411164017375260e-01
2.550000000000000000e+01,2.338268590217984055e+01,-1.234309423443613607e-02
2.650000000000000000e+01,2.338268590217984055e+01,-4.416180373924717406e-01
2.750000000000000000e+01,2.338268590217984055e+01,-3.921358204309632889e-02
2.850000000000000000e+01,2.338268590217984055e+01,1.102227897133722934e-02
2.950000000000000000e+01,2.338268590217984055e+01,-5.115385544170191201e-01
3.050000000000000000e+01,2.338268590217984055e+01,2.023436841088702698e-01
3.150000000000000000e+01,2.338268590217984055e+01,1.444701754796487991e-01
0.000000000000000000e+00,2.424871130596428159e+01,-3.012699349551934414e-01
1.000000000000000000e+00,2.424871130596428159e+01,-4.961053643088930709e-02
2.000000000000000000e+00,2.424871130596428159e+01,-1.070587029669527457e-01
3.000000000000000000e+00,2.424871130596428159e+01,-2.820029653448496432e-01
4.000000000000000000e+00,2.424871130596428159e+01,4.131376463033575863e-02
5.000000000000000000e+00,2.424871130596428159e+01,-1.386203389067246494e-01
6.000000000000000000e+00,2.424871130596428159e+01,-3.496095565482484901e-01
7.000000000000000000e+00,2.424871130596428159e+01,2.303652147119122917e-01
8.000000000000000000e+00,2.424871130596428159e+01,-1.574716692154020103e-01
9.000000000000000000e+00,2.424871130596428159e+01,3.366161021369772355e-01
1.000000000000000000e+01,2.424871130596428159e+01,5.065499152135036764e-01
1.100000000000000000e+01,2.424871130596428159e+01,-3.810964572872597711e-01
1.200000000000000000e+01,2.424871130596428159e+01,-9.976243973365717110e-03
1.300000000000000000e+01,2.424871130596428159e+01,-3.014912799691122913e-01
1.400000000000000000e+01,2.424871130596428159e+01,2.922836891659795766e-01
1.500000000000000000e+01,2.424871130596428159e+01,7.039553506804629990e-02
1.600000000000000000e+01,2.424871130596428159e+01,5.173656427099104782e-03
1.700000000000000000e+01,2.424871130596428159e+01,4.800750398318759382e-01
1.800000000000000000e+01,2.424871130596428159e+01,1.379857551874275057e-02
1.900000000000000000e+01,2.424871130596428159e+01,1.899762466800358762e-02
2.000000000000000000e+01,2.424871130596428159e+01,-2.120491227877144835e-01
2.100000000000000000e+01,2.424871130596428159e+01,5.257179777299392232e-02
2.200000000000000000e+01,2.424871130596428159e+01,-3.523870629013442501e-02
2.300000000000000000e+01,2.424871130596428159e+01,6.200191876317562301e-02
2.400000000000000000e+01,2.424871130596428159e+01,3.860176022650388949e-01
2.500000000000000000e+01,2.424871130596428159e+01,3.034742062209186964e-01
2.600000000000000000e+01,2.424871130596428159e+01,-5.097132223422632391e-01
2.700000000000000000e+01,2.424871130596428159e+01,-1.592867417997678725e-02
2.800000000000000000e+01,2.424871130596428159e+01,4.419908951637788741e-01
2.900000000000000000e+01,2.424871130596428159e+01,7.344030741502571846e-02
3.000000000000000000e+01,2.424871130596428159e+01,4.420741452487229051e-01
3.100000000000000000e+01,2.424871130596428159e+01,-2.074520931472539353e-01
5.000000000000000000e-01,2.511473670974871908e+01,2.717400546076614853e-01
1.500000000000000000e+00,2.511473670974871908e+01,3.555199119666463403e-01
2.500000000000000000e+00,2.511473670974871908e+01,1.049562628037653544e-01
3.500000000000000000e+00,2.511473670974871908e+01,3.825420185680843410e-01
4.500000000000000000e+00,2.511473670974871908e+01,-1.598792804837281811e-01
5.500000000000000000e+00,2.511473670974871908e+01,-2.362838451209224866e-01
6.500000000000000000e+00,2.511473670974871908e+01,-1.047357070108047017e-01
7.500000000000000000e+00,2.511473670974871908e+01,6.402007324765979224e-02
8.500000000000000000e+00,2.511473670974871908e+01,-3.215650260091097445e-01
9.500000000000000000e+00,2.511473670974871908e+01,-3.695840945239966535e-01
1.050000000000000000e+01,2.511473670974871908e+01,4.136849964040638650e-01
1.150000000000000000e+01,2.511473670974871908e+01,-4.774343714862299137e-01
1.250000000000000000e+01,2.511473670974871908e+01,-3.426058542247301109e-02
1.350000000000000000e+01,2.511473670974871908e+01,5.105225972154360248e-01
1.450000000000000000e+01,2.511473670974871908e+01,3.443270889554276293e-01
1.550000000000000000e+01,2.511473670974871908e+01,3.071487165022485089e-01
1.650000000000000000e+01,2.511473670974871908e+01,1.019444825903462748e-01
1.750000000000000000e+01,2.511473670974871908e+01,-5.087491084642503658e-02
1.850000000000000000e+01,2.511473670974871908e+01,4.352397486350160216e-01
1.950000000000000000e+01,2.511473670974871908e+01,-1.201242259946014856e-01
2.050000000000000000e+01,2.511473670974871908e+01,-1.812880450660465104e-01
2.150000000000000000e+01,2.511473670974871908e+01,2.117578676081505185e-01
2.250000000000000000e+01,2.511473670974871908e+01,-4.615351340853185991e-01
2.350000000000000000e+01,2.511473670974871908e+01,-1.494802275959821736e-01
2.450000000000000000e+01,2.511473670974871908e+01,-1.323674979680899977e-02
2.550000000000000000e+01,2.511473670974871908e+01,-4.229401127116688697e-01
2.650000000000000000e+01,2.511473670974871908e+01,-3.275985865907353745e-01
2.750000000000000000e+01,2.511473670974871908e+01,7.104348025034201708e-02
2.850000000000000000e+01,2.511473670974871908e+01,1.156097957387054453e-01
2.950000000000000000e+01,2.511473670974871908e+01,1.526401062388627050e-02
3.050000000000000000e+01,2.511473670974871908e+01,2.880209416072898598e-02
3.150000000000000000e+01,2.511473670974871908e+01,1.718379195011918714e-01
0.000000000000000000e+00,2.598076211353315657e+01,2.723333092128932265e-02
1.000000000000000000e+00,2.598076211353315657e+01,-5.003831481666526360e-02
2.000000000000000000e+00,2.598076211353315657e+01,-2.108740403094215288e-01
3.000000000000000000e+00,2.598076211353315657e+01,-2.323941520946577466e-01
4.000000000000000000e+00,2.598076211353315657e+01,1.363921608681395448e-02
5.000000000000000000e+00,2.598076211353315657e+01,-5.723055489424744291e-02
6.000000000000000000e+00,2.598076211353315657e+01,1.040886561599411175e-01
7.000000000000000000e+00,2.598076211353315657e+01,-4.522164695038536908e-01
8.000000000000000000e+00,2.598076211353315657e+01,-4.920787730335852705e-01
9.000000000000000000e+00,2.598076211353315657e+01,1.040493496450477506e-01
1.000000000000000000e+01,2.598076211353315657e+01,-3.505663243171926458e-01
1.100000000000000000e+01,2.598076211353315657e+01,1.732666845559223123e-01
1.200000000000000000e+01,2.598076211353315657e+01,-1.495229803161214344e-01
1.300000000000000000e+01,2.598076211353315657e+01,4.766425991019940245e-02
1.400000000000000000e+01,2.598076211353315657e+01,-3.686198768937162251e-01
1.500000000000000000e+01,2.598076211353315657e+01,-3.068023480509948220e-01
1.600000000000000000e+01,2.598076211353315657e+01,4.470697257288357429e-01
1.700000000000000000e+01,2.598076211353315657e+01,2.135143758162140193e-01
1.800000000000000000e+01,2.598076211353315657e+01,-1.025514712948478180e-01
1.900000000000000000e+01,2.598076211353315657e+01,3.780001924203564290e-01
2.000000000000000000e+01,2.598076211353315657e+01,7.636670052293881295e-02
2.100000000000000000e+01,2.598076211353315657e+01,3.011065191879092051e-02
2.200000000000000000e+01,2.598076211353315657e+01,-5.203665531892137652e-02
2.300000000000000000e+01,2.598076211353315657e+01,1.910635997078692361e-01
2.400000000000000000e+01,2.598076211353315657e+01,-2.688865805230227224e-01
2.500000000000000000e+01,2.598076211353315657e+01,2.227272755138541838e-01
2.600000000000000000e+01,2.598076211353315657e+01,-3.096413669271202429e-01
2.700000000000000000e+01,2.598076211353315657e+01,-1.146382543023967693e-01
2.800000000000000000e+01,2.598076211353315657e+01,-3.343728163371427753e-01
2.900000000000000000e+01,2.598076211353315657e+01,1.194851100698436364e-01
3.000000000000000000e+01,2.598076211353315657e+01,-2.313174989921940039e-01
3.100000000000000000e+01,2.598076211353315657e+01,-2.576484204262034505e-01
5.000000000000000000e-01,2.684678751731759760e+01,4.598051458041452211e-02
1.500000000000000000e+00,2.684678751731759760e+01,3.218901027044510643e-01
2.500000000000000000e+00,2.684678751731759760e+01,1.501096260510235147e-01
3.500000000000000000e+00,2.684678751731759760e+01,-3.658671312726120561e-01
4.500000000000000000e+00,2.684678751731759760e+01,-3.310379161391174829e-02
5.500000000000000000e+00,2.684678751731759760e+01,-1.481780691998969557e-01
6.500000000000000000e+00,2.684678751731759760e+01,1.066071537901708277e-01
7.500000000000000000e+00,2.684678751731759760e+01,4.555541274133891871e-01
8.500000000000000000e+00,2.684678751731759760e+01,-3.639515223039765379e-01
9.500000000000000000e+00,2.684678751731759760e+01,-4.685341315901520032e-01
1.050000000000000000e+01,2.684678751731759760e+01,-4.452202216529993484e-01
1.150000000000000000e+01,2.684678751731759760e+01,-1.983287973785652358e-02
1.250000000000000000e+01,2.684678751731759760e+01,-5.337264291565002594e-04
1.350000000000000000e+01,2.684678751731759760e+01,-1.007963015172639865e-01
1.450000000000000000e+01,2.684678751731759760e+01,1.362108843500846600e-01
1.550000000000000000e+01,2.684678751731759760e+01,2.615554796336574395e-01
1.650000000000000000e+01,2.684678751731759760e+01,9.184548190255259481e-02
1.750000000000000000e+01,2.684678751731759760e+01,-1.962227758178303194e-02
1.850000000000000000e+01,2.684678751731759760e+01,1.989092443374221864e-01
1.950000000000000000e+01,2.684678751731759760e+01,2.308057229599077553e-01
2.050000000000000000e+01,2.684678751731759760e+01,-2.824519950647358391e-01
2.150000000000000000e+01,2.684678751731759760e+01,1.852358135947013151e-01
2.250000000000000000e+01,2.684678751731759760e+01,-3.426437703097582888e-01
2.350000000000000000e+01,2.684678751731759760e+01,1.939116159849659793e-01
2.450000000000000000e+01,2.684678751731759760e+01,-1.771881813411562145e-01
2.550000000000000000e+01,2.684678751731759760e+01,2.827770257217356864e-01
2.650000000000000000e+01,2.684678751731759760e+01,4.038728452839001060e-01
2.750000000000000000e+01,2.684678751731759760e+01,2.390879539681967092e-02
2.850000000000000000e+01,2.684678751731759760e+01,6.895674797562478808e-03
2.950000000000000000e+01,2.684678751731759760e+01,4.328545417454072730e-01
3.050000000000000000e+01,2.684678751731759760e+01,1.393284412474155021e-01
3.150000000000000000e+01,2.684678751731759760e+01,-4.738864286982257257e-01
